1,Winifred,Dumphrey,wdumphrey0@alexa.com,Female,80.180.43.226
2,Jacqui,Gerrelts,jgerrelts1@hao123.com,Female,142.101.66.187
3,Fenelia,Glowacz,fglowacz2@baidu.com,Female,48.107.56.40
4,Jobi,Crevagh,jcrevagh3@latimes.com,Female,46.137.248.75
5,Hilary,Sherwen,hsherwen4@amazonaws.com,Male,19.161.147.143
6,Arnie,Forlong,aforlong5@scribd.com,Male,80.93.26.145
7,Burnard,Uzzell,buzzell6@wsj.com,Male,119.188.144.132
8,Dinah,Smiz,dsmiz7@sourceforge.net,Female,252.55.195.198
9,Milt,Clibbery,mclibbery8@time.com,Male,75.19.26.77
10,Bellanca,Weth,bweth9@a8.net,Female,90.225.101.18
11,Appolonia,Mattock,amattocka@behance.net,Female,69.160.10.221
12,Glyn,Lealle,glealleb@discuz.net,Male,27.254.154.119
13,Casi,Reckhouse,creckhousec@wiley.com,Female,17.119.115.117
14,Rosetta,Gaber,rgaberd@vinaora.com,Female,101.251.40.180
15,Eamon,Houseago,ehouseagoe@joomla.org,Male,145.215.198.10
16,Lucille,Houndson,lhoundsonf@youtube.com,Female,155.67.190.136
17,Garvy,Korneluk,gkornelukg@spiegel.de,Male,8.13.86.64
18,Urbanus,Placidi,uplacidih@is.gd,Male,84.148.216.27
19,Mariele,Defau,mdefaui@senate.gov,Female,126.194.117.61
20,Eba,Kineton,ekinetonj@sciencedirect.com,Female,92.250.229.214
21,Lorine,Tucknutt,ltucknuttk@nhs.uk,Female,94.219.104.51
22,Reyna,Perrin,rperrinl@drupal.org,Female,60.213.239.39
23,Burt,Yule,byulem@wordpress.org,Male,165.171.139.96
24,Meriel,M'Chirrie,mmchirrien@about.me,Female,170.80.82.40
25,Hobard,Patching,hpatchingo@chicagotribune.com,Male,69.253.139.14
26,Manny,Traviss,mtravissp@fastcompany.com,Male,46.14.184.14
27,Amelie,Geldeford,ageldefordq@technorati.com,Female,243.116.186.235
28,Tera,Tomei,ttomeir@bravesites.com,Female,86.222.153.244
29,Huntington,Jurries,hjurriess@vkontakte.ru,Male,239.229.154.116
30,Orrin,Corton,ocortont@engadget.com,Male,241.60.128.53
31,Florence,Head,fheadu@accuweather.com,Female,81.116.187.29
32,Chris,Ginnety,cginnetyv@mapquest.com,Female,247.241.172.222
33,Tessy,Custed,tcustedw@ucla.edu,Female,140.134.131.94
34,Roderick,Davidzon,rdavidzonx@latimes.com,Male,247.86.46.237
35,Claiborne,Romaine,cromainey@ed.gov,Male,158.199.164.86
36,Conrad,Masden,cmasdenz@wordpress.com,Male,49.247.161.0
37,Gaelan,Vogele,gvogele10@pen.io,Male,227.197.113.219
38,Bret,MacCrackan,bmaccrackan11@constantcontact.com,Male,74.137.149.220
39,Dion,Harradence,dharradence12@princeton.edu,Female,139.124.107.75
40,Zaria,Geare,zgeare13@prnewswire.com,Female,175.103.180.108
41,Ardelia,Wychard,awychard14@rakuten.co.jp,Female,130.103.170.108
42,Malachi,Sperling,msperling15@elegantthemes.com,Male,249.129.51.26
43,Donia,Weafer,dweafer16@imgur.com,Female,147.181.56.202
44,Hyman,Brownrigg,hbrownrigg17@dropbox.com,Male,37.87.155.92
45,Dre,Robey,drobey18@vinaora.com,Female,135.253.107.126
46,Shirlene,Klaessen,sklaessen19@tripadvisor.com,Female,35.51.240.104
47,Odilia,Catterall,ocatterall1a@wisc.edu,Female,78.130.250.16
48,Derrik,Spyby,dspyby1b@marriott.com,Male,123.171.62.45
49,Rheta,Cluney,rcluney1c@ebay.co.uk,Female,213.2.21.72
50,Thedric,Jecks,tjecks1d@nps.gov,Male,123.44.93.231
51,Jaimie,Gosnay,jgosnay1e@trellian.com,Female,19.16.216.71
52,Fabien,Heeran,fheeran1f@dailymail.co.uk,Male,139.251.40.105
53,Scotti,Byart,sbyart1g@kickstarter.com,Male,138.57.25.59
54,Brina,Brownsworth,bbrownsworth1h@dot.gov,Female,190.169.63.176
55,Panchito,Grimsdell,pgrimsdell1i@census.gov,Male,163.60.73.247
56,Tildy,Harbison,tharbison1j@tripadvisor.com,Female,181.165.78.99
57,Lusa,Ney,lney1k@devhub.com,Female,178.76.114.244
58,Samson,Blazey,sblazey1l@surveymonkey.com,Male,159.192.188.48
59,Karlyn,Coghill,kcoghill1m@soup.io,Female,99.10.101.169
60,Milena,Alexsandrev,malexsandrev1n@sphinn.com,Female,95.113.1.31
61,Brittan,Nanninini,bnanninini1o@prweb.com,Female,215.210.248.134
62,Anne-corinne,Arkell,aarkell1p@abc.net.au,Female,131.98.64.179
63,Catriona,Audsley,caudsley1q@wikimedia.org,Female,246.19.232.251
64,Linn,Umfrey,lumfrey1r@mapquest.com,Male,187.218.210.65
65,Hinze,Akett,hakett1s@mozilla.org,Male,214.119.85.150
66,Sebastian,Peverell,speverell1t@mozilla.com,Male,204.106.27.176
67,Ase,Dana,adana1u@dagondesign.com,Male,180.188.203.247
68,Sutherland,Orgee,sorgee1v@google.es,Male,161.48.22.220
69,Josias,Briant,jbriant1w@zimbio.com,Male,125.228.58.16
70,Bordie,Martyn,bmartyn1x@comsenz.com,Male,124.226.245.73
71,Wini,Milmith,wmilmith1y@wikimedia.org,Female,72.122.241.43
72,Siobhan,Kuller,skuller1z@prlog.org,Female,176.29.113.89
73,Priscilla,Waycot,pwaycot20@sakura.ne.jp,Female,56.18.110.253
74,Anitra,D'Alessandro,adalessandro21@epa.gov,Female,4.170.25.114
75,Mufi,Theml,mtheml22@taobao.com,Female,197.213.247.174
76,Jeffrey,Gerrans,jgerrans23@networksolutions.com,Male,98.154.60.210
77,Lindsey,Delos,ldelos24@globo.com,Male,33.171.90.54
78,Jerrie,Fogden,jfogden25@nasa.gov,Male,33.18.117.155
79,Ellyn,Ellings,eellings26@sfgate.com,Female,61.24.212.108
80,Ignacio,Krugmann,ikrugmann27@oakley.com,Male,197.168.5.200
81,Alix,Hostan,ahostan28@jiathis.com,Male,65.12.41.153
82,Jereme,Cottage,jcottage29@phpbb.com,Male,70.93.27.28
83,Ceciley,Hamill,chamill2a@surveymonkey.com,Female,73.230.72.0
84,Lauren,Penman,lpenman2b@accuweather.com,Male,10.247.150.67
85,Donni,Hurdidge,dhurdidge2c@uol.com.br,Female,11.172.99.150
86,Zarla,Kauschke,zkauschke2d@facebook.com,Female,148.224.48.146
87,Nikola,Pagelsen,npagelsen2e@nature.com,Male,126.12.21.197
88,Jeno,Angell,jangell2f@ovh.net,Male,176.62.17.59
89,Mitchael,Cudmore,mcudmore2g@yahoo.com,Male,114.117.219.161
90,Fletch,Brainsby,fbrainsby2h@meetup.com,Male,139.102.25.48
91,Brynna,Ragg,bragg2i@ft.com,Female,73.54.237.132
92,Dredi,Murray,dmurray2j@apache.org,Female,99.12.163.223
93,Terencio,Katt,tkatt2k@senate.gov,Male,74.5.70.155
94,Simmonds,Eadmeades,seadmeades2l@nasa.gov,Male,29.211.163.220
95,Arabel,Knowlson,aknowlson2m@fastcompany.com,Female,235.208.14.53
96,Newton,Madgwich,nmadgwich2n@blogtalkradio.com,Male,156.121.155.168
97,Janene,Reville,jreville2o@kickstarter.com,Female,157.206.147.98
98,Maxy,Beadel,mbeadel2p@economist.com,Male,13.24.6.222
99,Rozamond,Galea,rgalea2q@boston.com,Female,219.200.189.130
100,Krystal,Briant,kbriant2r@cbc.ca,Female,176.236.27.124
101,Rebekah,Amis,ramis2s@amazon.de,Female,56.4.12.192
102,Warren,Baert,wbaert2t@zimbio.com,Male,216.61.150.127
103,Blakeley,Rudge,brudge2u@bloglovin.com,Female,165.204.193.169
104,Tamera,Greep,tgreep2v@bravesites.com,Female,112.9.211.33
105,Kennith,Greaves,kgreaves2w@artisteer.com,Male,101.39.214.83
106,Darcy,Frenzl,dfrenzl2x@wunderground.com,Female,62.121.138.120
107,Cross,Richfield,crichfield2y@slate.com,Male,44.35.201.95
108,Thomasin,Sayer,tsayer2z@wired.com,Female,232.135.214.162
109,Vevay,Yukhnevich,vyukhnevich30@sun.com,Female,110.23.178.142
110,Loy,Matt,lmatt31@usda.gov,Male,54.119.133.110
111,Ninon,MacShirie,nmacshirie32@dailymail.co.uk,Female,173.28.80.93
112,Hodge,Carvell,hcarvell33@i2i.jp,Male,118.172.111.0
113,Wendeline,Mendez,wmendez34@wunderground.com,Female,157.117.234.35
114,Hermia,Culpin,hculpin35@marriott.com,Female,140.187.94.4
115,Maximilian,Cone,mcone36@fotki.com,Male,100.194.238.69
116,Cherry,Melanaphy,cmelanaphy37@themeforest.net,Female,177.17.112.106
117,Edie,Masding,emasding38@oracle.com,Female,75.68.169.174
118,Lucilia,Giacomi,lgiacomi39@indiatimes.com,Female,139.217.128.140
119,Alexandr,MacKibbon,amackibbon3a@tinyurl.com,Male,220.1.25.232
120,Samuele,Spittles,sspittles3b@nydailynews.com,Male,172.100.81.110
121,Emili,Coggin,ecoggin3c@unblog.fr,Female,9.70.202.158
122,Broddie,Cullnean,bcullnean3d@gov.uk,Male,114.120.69.232
123,Stirling,Varker,svarker3e@taobao.com,Male,51.75.254.53
124,Rutter,Rivett,rrivett3f@4shared.com,Male,104.243.49.3
125,Krystal,Gornal,kgornal3g@hubpages.com,Female,89.171.136.141
126,Elden,Savoury,esavoury3h@last.fm,Male,109.142.95.45
127,Cristine,Whitear,cwhitear3i@alexa.com,Female,207.126.140.12
128,Melany,Brettoner,mbrettoner3j@washington.edu,Female,63.191.227.96
129,Row,Wilks,rwilks3k@prlog.org,Female,1.210.225.84
130,Pearline,Nicolson,pnicolson3l@shutterfly.com,Female,86.219.200.194
131,Darrin,Linturn,dlinturn3m@indiegogo.com,Male,21.225.197.163
132,Kenn,Corsan,kcorsan3n@cnbc.com,Male,103.202.9.26
133,Lothaire,McAirt,lmcairt3o@patch.com,Male,92.178.139.62
134,Cindra,Gatheral,cgatheral3p@google.pl,Female,54.151.32.112
135,Stuart,Frie,sfrie3q@sogou.com,Male,255.99.18.208
136,Nathan,Sorsby,nsorsby3r@time.com,Male,32.154.66.134
137,Purcell,Gavrielli,pgavrielli3s@google.nl,Male,103.91.82.100
138,Carlene,Teligin,cteligin3t@1und1.de,Female,54.31.141.143
139,Kitti,De Haven,kdehaven3u@mysql.com,Female,44.164.143.28
140,Gaylor,Minchinton,gminchinton3v@parallels.com,Male,119.117.226.213
141,Seana,Sand,ssand3w@nymag.com,Female,135.78.102.87
142,Nicol,Shuxsmith,nshuxsmith3x@live.com,Male,90.231.250.188
143,Cello,Leupold,cleupold3y@zdnet.com,Male,32.205.155.107
144,Baillie,Giordano,bgiordano3z@wired.com,Male,209.3.151.188
145,Alasdair,Muscroft,amuscroft40@newsvine.com,Male,53.150.185.78
146,Bobbie,Ivanonko,bivanonko41@pbs.org,Male,33.9.210.89
147,Merwin,Phlippi,mphlippi42@yale.edu,Male,28.242.204.212
148,Tatum,Docwra,tdocwra43@abc.net.au,Female,43.28.59.27
149,Bruce,Holyard,bholyard44@apple.com,Male,155.227.249.63
150,Farley,Brantzen,fbrantzen45@alexa.com,Male,99.246.176.21
151,Faydra,Dresse,fdresse46@sphinn.com,Female,249.150.39.81
152,Dick,Karolewski,dkarolewski47@miitbeian.gov.cn,Male,94.70.51.83
153,Susana,Butchers,sbutchers48@google.cn,Female,226.63.194.183
154,Andros,Cabbell,acabbell49@accuweather.com,Male,113.28.81.209
155,Devin,Drinnan,ddrinnan4a@freewebs.com,Female,161.111.163.133
156,Bordie,Kelbie,bkelbie4b@twitpic.com,Male,149.208.234.11
157,Gordie,Melladew,gmelladew4c@nifty.com,Male,155.98.48.204
158,Mariel,Fellgett,mfellgett4d@xing.com,Female,83.23.30.135
159,Aurore,Timblett,atimblett4e@canalblog.com,Female,80.253.167.161
160,Jackquelin,Simo,jsimo4f@ebay.co.uk,Female,189.246.150.94
161,Benoit,Hanfrey,bhanfrey4g@craigslist.org,Male,161.89.2.125
162,Marget,Burrus,mburrus4h@netscape.com,Female,141.146.94.66
163,Yolande,Sciusscietto,ysciusscietto4i@blogger.com,Female,234.143.19.236
164,Myrvyn,Pickwell,mpickwell4j@state.gov,Male,50.14.97.120
165,Zackariah,Reader,zreader4k@princeton.edu,Male,184.56.34.184
166,Petr,Garland,pgarland4l@webs.com,Male,111.107.53.188
167,Leah,Rosgen,lrosgen4m@github.io,Female,229.13.10.192
168,Wilhelm,Kernar,wkernar4n@kickstarter.com,Male,75.111.53.64
169,Paolo,Lesaunier,plesaunier4o@prlog.org,Male,94.37.173.150
170,Jecho,Pragnell,jpragnell4p@skyrock.com,Male,26.48.153.191
171,Ignacio,Bayford,ibayford4q@spiegel.de,Male,255.38.135.202
172,Yul,Bumpus,ybumpus4r@pcworld.com,Male,18.141.167.4
173,Tucky,Dedden,tdedden4s@mozilla.org,Male,151.85.96.210
174,Reg,Burney,rburney4t@ft.com,Male,161.229.247.1
175,Tobin,Matterdace,tmatterdace4u@gravatar.com,Male,198.12.57.139
176,Joelie,Fishe,jfishe4v@altervista.org,Female,103.84.206.198
177,Costanza,Launchbury,claunchbury4w@symantec.com,Female,74.88.235.180
178,Ulrick,Furness,ufurness4x@geocities.com,Male,210.163.226.54
179,Garik,Sharpous,gsharpous4y@icq.com,Male,108.28.40.26
180,Loralie,Denk,ldenk4z@china.com.cn,Female,91.110.28.81
181,Pier,Allin,pallin50@google.ru,Female,112.112.86.138
182,Igor,Jolly,ijolly51@sitemeter.com,Male,111.3.9.184
183,Marty,Battill,mbattill52@ucoz.ru,Female,9.184.36.162
184,Wallie,Creany,wcreany53@comcast.net,Female,11.130.234.158
185,Gunter,Harbin,gharbin54@behance.net,Male,80.130.107.125
186,Elicia,Outibridge,eoutibridge55@lycos.com,Female,64.31.72.65
187,Cindie,Spawell,cspawell56@go.com,Female,143.14.228.117
188,Paige,Scorer,pscorer57@cbsnews.com,Female,80.172.193.206
189,Wyatan,Doring,wdoring58@youtu.be,Male,34.99.213.139
190,Rodina,Veschambre,rveschambre59@linkedin.com,Female,127.140.239.118
191,Ruperto,Milverton,rmilverton5a@google.nl,Male,85.183.97.162
192,Archibold,Kayne,akayne5b@hhs.gov,Male,129.216.142.47
193,Chip,Matus,cmatus5c@1688.com,Male,76.4.229.84
194,Kiley,Puttnam,kputtnam5d@moonfruit.com,Female,75.248.147.165
195,Evey,Marushak,emarushak5e@multiply.com,Female,58.2.24.207
196,Kerianne,Chalfont,kchalfont5f@businessinsider.com,Female,114.37.59.153
197,Rollo,Lambis,rlambis5g@squarespace.com,Male,185.62.212.103
198,Odo,Yeudall,oyeudall5h@vinaora.com,Male,55.35.44.249
199,Nigel,Le Marquis,nlemarquis5i@storify.com,Male,48.148.211.250
200,Palm,Flaonier,pflaonier5j@livejournal.com,Male,90.99.19.89
201,Angil,Wardrope,awardrope5k@reuters.com,Female,82.148.62.51
202,Newton,Cropton,ncropton5l@sfgate.com,Male,81.10.59.97
203,Eadmund,Sigars,esigars5m@mediafire.com,Male,220.62.243.23
204,Jeromy,Tessier,jtessier5n@ezinearticles.com,Male,74.158.215.35
205,Rosanna,Ibel,ribel5o@youtube.com,Female,163.103.35.214
206,Susanetta,Dominick,sdominick5p@live.com,Female,177.204.189.14
207,Rubia,Sallan,rsallan5q@alexa.com,Female,156.16.158.131
208,Ganny,Tasseler,gtasseler5r@vinaora.com,Male,108.113.90.102
209,Farra,Flaubert,fflaubert5s@alexa.com,Female,122.188.32.54
210,Marcia,Warnes,mwarnes5t@auda.org.au,Female,88.56.197.14
211,Querida,Richford,qrichford5u@gravatar.com,Female,85.24.178.183
212,Svend,Vido,svido5v@delicious.com,Male,94.41.223.104
213,Tedie,Betjes,tbetjes5w@taobao.com,Male,208.71.31.219
214,Pernell,Carcass,pcarcass5x@examiner.com,Male,0.249.200.97
215,Lorinda,Weare,lweare5y@webnode.com,Female,24.142.41.139
216,Tressa,Trippett,ttrippett5z@wp.com,Female,201.167.138.60
217,Noll,Matyas,nmatyas60@cornell.edu,Male,49.255.69.182
218,Marybelle,Wandless,mwandless61@sohu.com,Female,162.1.160.98
219,Paige,Daulby,pdaulby62@senate.gov,Female,25.212.205.86
220,Tamarra,Songer,tsonger63@nature.com,Female,217.79.152.45
221,Gwenette,Chittim,gchittim64@e-recht24.de,Female,12.208.252.57
222,Shay,Semrad,ssemrad65@slate.com,Male,196.175.93.115
223,Katalin,Reen,kreen66@senate.gov,Female,127.139.215.206
224,Jeno,Giorgetti,jgiorgetti67@smugmug.com,Male,254.171.80.197
225,Roselle,Petch,rpetch68@kickstarter.com,Female,215.248.121.145
226,Noble,Collerd,ncollerd69@umich.edu,Male,149.153.124.56
227,Elsa,Gallardo,egallardo6a@wix.com,Female,73.254.6.248
228,Eal,Cleverly,ecleverly6b@theatlantic.com,Male,149.12.167.171
229,Hilde,Eddow,heddow6c@alexa.com,Female,40.188.134.69
230,Gabriello,Spelman,gspelman6d@auda.org.au,Male,168.242.64.153
231,Beale,Vasilchikov,bvasilchikov6e@moonfruit.com,Male,6.172.107.25
232,Enoch,Pinckney,epinckney6f@artisteer.com,Male,191.184.56.222
233,Margarita,Stepney,mstepney6g@quantcast.com,Female,162.194.232.136
234,Leopold,Tufts,ltufts6h@spiegel.de,Male,147.66.233.185
235,Bronson,Forrester,bforrester6i@tiny.cc,Male,226.150.194.16
236,Miles,Ayscough,mayscough6j@barnesandnoble.com,Male,174.49.214.34
237,Karna,Bode,kbode6k@youku.com,Female,7.198.10.23
238,Donalt,Shiril,dshiril6l@ft.com,Male,63.226.217.117
239,Pinchas,Oxterby,poxterby6m@vimeo.com,Male,255.115.237.89
240,Stevena,Toone,stoone6n@who.int,Female,153.28.98.32
241,Una,Tuff,utuff6o@squidoo.com,Female,63.121.123.65
242,Eleonora,Peplow,epeplow6p@fotki.com,Female,108.37.214.51
243,Lillis,Halso,lhalso6q@dropbox.com,Female,229.172.64.26
244,Brooke,Botha,bbotha6r@paypal.com,Female,234.192.119.1
245,Nora,Forber,nforber6s@icq.com,Female,232.91.57.179
246,Clareta,Duddan,cduddan6t@netvibes.com,Female,56.170.171.157
247,Alexandro,Martonfi,amartonfi6u@google.com.br,Male,178.228.114.181
248,Kata,Joy,kjoy6v@mysql.com,Female,141.230.142.198
249,Denise,Reeveley,dreeveley6w@merriam-webster.com,Female,103.63.43.208
250,Brade,Quinby,bquinby6x@biblegateway.com,Male,237.83.198.214
251,Shawnee,Abramin,sabramin6y@cargocollective.com,Female,4.90.22.232
252,Kelcy,Wilgar,kwilgar6z@wufoo.com,Female,120.86.157.76
253,Rosina,Brookz,rbrookz70@youtube.com,Female,208.173.254.23
254,Hettie,Hayball,hhayball71@mashable.com,Female,53.227.203.142
255,Colette,Cocks,ccocks72@globo.com,Female,67.202.27.108
256,Harald,Fevers,hfevers73@walmart.com,Male,192.97.173.0
257,Frank,Doorey,fdoorey74@weather.com,Male,22.173.47.192
258,Darcy,Landes,dlandes75@shareasale.com,Male,70.178.156.155
259,Sherlocke,Bartolozzi,sbartolozzi76@alexa.com,Male,195.67.216.117
260,Filippo,McAndrew,fmcandrew77@booking.com,Male,205.53.8.13
261,Donalt,Milward,dmilward78@networkadvertising.org,Male,124.179.154.215
262,Suzanne,Kemston,skemston79@mashable.com,Female,213.7.78.58
263,Corly,Learmond,clearmond7a@meetup.com,Female,38.203.239.148
264,Hendrick,Vaggs,hvaggs7b@usda.gov,Male,109.35.75.213
265,Kassie,Hakking,khakking7c@hc360.com,Female,15.89.244.64
266,Mathe,Bate,mbate7d@imdb.com,Male,45.188.62.241
267,Delphine,Haws,dhaws7e@wunderground.com,Female,223.118.190.188
268,Reinhold,Garrand,rgarrand7f@blogger.com,Male,143.97.139.43
269,Caterina,Bamling,cbamling7g@wunderground.com,Female,57.65.97.211
270,Valina,Absolom,vabsolom7h@woothemes.com,Female,147.209.53.45
271,Keith,Dawton,kdawton7i@loc.gov,Male,114.55.22.164
272,Federica,Finicj,ffinicj7j@fda.gov,Female,245.215.144.82
273,Curt,Bulstrode,cbulstrode7k@wp.com,Male,147.48.204.185
274,Francyne,Anespie,fanespie7l@senate.gov,Female,73.111.96.70
275,Glynis,Sparks,gsparks7m@wikispaces.com,Female,130.135.158.247
276,Hermie,Tschierse,htschierse7n@auda.org.au,Male,115.219.77.225
277,Veronique,Spollen,vspollen7o@github.com,Female,227.137.113.79
278,Chelsae,Linnett,clinnett7p@loc.gov,Female,59.160.108.15
279,Pancho,Voules,pvoules7q@deviantart.com,Male,145.180.170.57
280,Darb,Faughny,dfaughny7r@sbwire.com,Male,222.215.156.41
281,Basilius,Huccaby,bhuccaby7s@pbs.org,Male,192.109.157.12
282,Tiler,Summerside,tsummerside7t@parallels.com,Male,165.23.17.204
283,Silvester,Osbourn,sosbourn7u@unblog.fr,Male,54.156.196.167
284,Errol,Yarnley,eyarnley7v@bing.com,Male,126.170.149.213
285,Natale,Pavlov,npavlov7w@merriam-webster.com,Male,14.93.17.121
286,Chloris,Scalera,cscalera7x@java.com,Female,162.12.163.74
287,Benita,Blabie,bblabie7y@pcworld.com,Female,238.120.31.245
288,Caritta,Castiglione,ccastiglione7z@123-reg.co.uk,Female,99.23.234.202
289,Herman,Tavener,htavener80@parallels.com,Male,238.88.21.161
290,Moore,Thurlbourne,mthurlbourne81@army.mil,Male,114.234.230.9
291,Ernesto,Jeggo,ejeggo82@shinystat.com,Male,128.219.244.132
292,Jean,Habgood,jhabgood83@de.vu,Female,98.186.103.64
293,Eldin,Hazeldene,ehazeldene84@mozilla.com,Male,213.77.0.225
294,Weber,Delamaine,wdelamaine85@apple.com,Male,12.20.67.165
295,Shena,Cauderlie,scauderlie86@ucoz.com,Female,51.114.230.8
296,Madelena,Kidner,mkidner87@weather.com,Female,35.149.70.73
297,Donal,Hallad,dhallad88@domainmarket.com,Male,148.233.219.233
298,Tymon,Bengle,tbengle89@howstuffworks.com,Male,225.22.179.33
299,Emilee,Curley,ecurley8a@list-manage.com,Female,159.207.201.224
300,Dawn,Crich,dcrich8b@jiathis.com,Female,55.162.14.8
301,Leonie,Torresi,ltorresi8c@joomla.org,Female,144.103.75.33
302,Sumner,Plumbley,splumbley8d@addthis.com,Male,138.237.105.122
303,Vere,Cathcart,vcathcart8e@fema.gov,Female,15.57.119.219
304,Christel,Aleksahkin,caleksahkin8f@clickbank.net,Female,192.137.24.22
305,Zondra,Whight,zwhight8g@time.com,Female,221.41.68.34
306,Ignatius,Capnor,icapnor8h@acquirethisname.com,Male,132.194.3.63
307,Merry,Fattorini,mfattorini8i@epa.gov,Female,227.65.13.213
308,Tova,Stonier,tstonier8j@istockphoto.com,Female,12.139.127.163
309,Hart,Cecere,hcecere8k@w3.org,Male,159.142.119.143
310,Terrance,Wayt,twayt8l@csmonitor.com,Male,77.33.155.52
311,Reider,Mulbery,rmulbery8m@blinklist.com,Male,57.92.247.113
312,Gabby,Obell,gobell8n@ucoz.ru,Male,25.90.125.120
313,Langston,Newiss,lnewiss8o@bbc.co.uk,Male,119.35.99.98
314,Shea,Gorges,sgorges8p@time.com,Male,48.108.235.1
315,Amberly,O'Doireidh,aodoireidh8q@ifeng.com,Female,115.44.172.161
316,Bradan,Claworth,bclaworth8r@naver.com,Male,109.71.245.217
317,Nicolais,Cockman,ncockman8s@posterous.com,Male,232.192.211.10
318,Demetrius,Trice,dtrice8t@cyberchimps.com,Male,152.167.139.75
319,Danita,Kenewel,dkenewel8u@tmall.com,Female,53.63.81.151
320,Jimmie,St. Leger,jstleger8v@discovery.com,Male,97.30.5.250
321,Pearla,Branwhite,pbranwhite8w@com.com,Female,137.65.220.46
322,Kissiah,Reichert,kreichert8x@nsw.gov.au,Female,184.198.19.79
323,Westleigh,Lehrer,wlehrer8y@japanpost.jp,Male,83.10.249.106
324,Shem,Maciejak,smaciejak8z@economist.com,Male,176.207.147.34
325,Thane,Blowing,tblowing90@blinklist.com,Male,3.21.84.229
326,Yasmin,Kynston,ykynston91@intel.com,Female,21.144.73.174
327,Rees,Barenskie,rbarenskie92@goodreads.com,Male,201.83.240.255
328,Gilberte,Dawnay,gdawnay93@artisteer.com,Female,24.217.106.150
329,Opal,Tomovic,otomovic94@yandex.ru,Female,26.175.10.56
330,Oberon,Dreakin,odreakin95@free.fr,Male,106.61.156.215
331,Niko,Obee,nobee96@dell.com,Male,194.34.200.96
332,Kyle,Sawrey,ksawrey97@harvard.edu,Female,95.6.4.135
333,Dick,Pougher,dpougher98@apache.org,Male,210.254.55.91
334,Theodosia,Longforth,tlongforth99@usnews.com,Female,217.91.241.212
335,Lem,McGirl,lmcgirl9a@toplist.cz,Male,101.143.15.37
336,Kayne,Langer,klanger9b@fotki.com,Male,77.244.48.184
337,Ursa,Eingerfield,ueingerfield9c@cnet.com,Female,46.139.18.60
338,Vincents,Liggons,vliggons9d@smugmug.com,Male,213.104.227.204
339,Welby,Richly,wrichly9e@alexa.com,Male,19.196.15.83
340,Karil,Borthram,kborthram9f@blinklist.com,Female,123.197.87.28
341,Winona,Belden,wbelden9g@blog.com,Female,26.236.8.67
342,Alfie,Lisciandri,alisciandri9h@skype.com,Female,16.39.248.146
343,Sheff,Salsbury,ssalsbury9i@sitemeter.com,Male,87.114.75.244
344,Christiana,Viegas,cviegas9j@prweb.com,Female,203.183.174.251
345,Beltran,Bestwerthick,bbestwerthick9k@phoca.cz,Male,236.103.97.172
346,Paige,Hobben,phobben9l@army.mil,Male,187.221.47.53
347,Rebe,Saunter,rsaunter9m@reddit.com,Female,78.20.11.27
348,Arlene,Drake,adrake9n@amazon.com,Female,162.113.109.44
349,Hube,Tant,htant9o@gmpg.org,Male,96.161.194.11
350,Deirdre,Minto,dminto9p@un.org,Female,216.194.8.99
351,Johanna,Van der Linde,jvanderlinde9q@histats.com,Female,219.102.15.109
352,Crawford,Grishkov,cgrishkov9r@bloomberg.com,Male,65.170.233.211
353,Fredericka,Walklot,fwalklot9s@dagondesign.com,Female,121.196.62.186
354,Yorgos,Corrado,ycorrado9t@imgur.com,Male,49.130.9.124
355,Francoise,Pastor,fpastor9u@amazon.co.uk,Female,117.97.248.185
356,Danni,Gaynor,dgaynor9v@accuweather.com,Female,247.45.55.12
357,Berty,Cocking,bcocking9w@cnn.com,Female,26.99.140.85
358,Hamid,Giacovetti,hgiacovetti9x@utexas.edu,Male,138.92.213.184
359,Lowe,Waszczykowski,lwaszczykowski9y@amazon.co.uk,Male,186.89.225.198
360,Bernadette,Durrans,bdurrans9z@flavors.me,Female,23.86.75.196
361,Corbett,Vain,cvaina0@ustream.tv,Male,222.211.9.86
362,Micheil,Dockerty,mdockertya1@cbsnews.com,Male,3.60.106.167
363,Cherrita,Downham,cdownhama2@google.co.jp,Female,158.131.142.197
364,Kacy,Ebourne,kebournea3@networksolutions.com,Female,246.89.129.148
365,Patrick,Heathcoat,pheathcoata4@dropbox.com,Male,115.125.103.91
366,Karlis,Morris,kmorrisa5@salon.com,Male,46.106.121.186
367,Wylie,Blackstock,wblackstocka6@clickbank.net,Male,224.142.182.103
368,Nerty,Jehu,njehua7@wisc.edu,Female,66.174.252.195
369,Davey,Giblett,dgibletta8@ning.com,Male,136.218.176.8
370,Christoffer,Lacaze,clacazea9@mail.ru,Male,132.170.249.46
371,Rick,Sives,rsivesaa@amazon.com,Male,136.253.54.6
372,Ofilia,Treker,otrekerab@comcast.net,Female,197.226.231.203
373,Shauna,Jerdein,sjerdeinac@slate.com,Female,21.238.242.194
374,Daron,Plevin,dplevinad@miibeian.gov.cn,Male,83.246.144.170
375,Findley,Gerssam,fgerssamae@booking.com,Male,209.67.128.173
376,Katrina,Meugens,kmeugensaf@chron.com,Female,84.36.87.165
377,Cindie,Withrington,cwithringtonag@wix.com,Female,162.244.142.120
378,Minny,Raitt,mraittah@tumblr.com,Female,79.116.5.86
379,Blayne,Sedger,bsedgerai@marketwatch.com,Male,47.147.69.111
380,Ludovika,Newey,lneweyaj@nsw.gov.au,Female,151.76.104.51
381,Benjamen,Spellman,bspellmanak@sbwire.com,Male,49.165.181.105
382,Carolyn,Koppes,ckoppesal@msu.edu,Female,116.43.156.108
383,Carmelina,Curry,ccurryam@domainmarket.com,Female,150.211.35.153
384,Charley,Dracksford,cdracksfordan@devhub.com,Male,147.40.170.55
385,Spenser,Spurett,sspurettao@acquirethisname.com,Male,79.119.222.218
386,Ephraim,Maior,emaiorap@walmart.com,Male,140.133.211.227
387,Linn,Baitson,lbaitsonaq@samsung.com,Female,34.126.83.231
388,Orazio,Mathes,omathesar@eepurl.com,Male,9.116.99.158
389,Terrell,Seemmonds,tseemmondsas@wiley.com,Male,227.179.71.41
390,Bobbie,Farquhar,bfarquharat@csmonitor.com,Female,17.153.19.157
391,Ignaz,Kauble,ikaubleau@xrea.com,Male,152.6.239.237
392,Evelin,Evason,eevasonav@studiopress.com,Male,21.74.208.32
393,Cordell,Malley,cmalleyaw@tumblr.com,Male,62.21.57.55
394,Zorah,Noen,znoenax@google.es,Female,224.210.51.243
395,Adham,Woodison,awoodisonay@wired.com,Male,201.212.100.153
396,Lana,Gillan,lgillanaz@weebly.com,Female,53.252.28.219
397,Eustace,Herculson,eherculsonb0@skyrock.com,Male,101.77.65.238
398,Thornton,Curro,tcurrob1@youtube.com,Male,12.185.72.81
399,Truman,Bastable,tbastableb2@google.pl,Male,200.234.144.43
400,Linnell,Zarb,lzarbb3@goo.gl,Female,27.36.224.196
401,Sofia,Blaskett,sblaskettb4@i2i.jp,Female,23.72.73.229
402,Lyndy,Shuard,lshuardb5@google.co.jp,Female,80.19.198.174
403,Irvin,Olechnowicz,iolechnowiczb6@time.com,Male,104.209.197.120
404,Neill,McNern,nmcnernb7@state.tx.us,Male,185.178.112.11
405,Boone,Radclyffe,bradclyffeb8@dmoz.org,Male,113.130.140.108
406,Francene,Axten,faxtenb9@e-recht24.de,Female,92.165.172.244
407,Lindsey,Dewes,ldewesba@addthis.com,Male,36.85.254.142
408,Morena,Befroy,mbefroybb@slideshare.net,Female,93.125.55.204
409,Ronalda,Emmet,remmetbc@cbsnews.com,Female,55.109.1.115
410,Chad,Werrett,cwerrettbd@google.co.uk,Male,56.146.98.69
411,Brear,Tidbold,btidboldbe@mediafire.com,Female,57.133.67.14
412,Irvine,Gumn,igumnbf@domainmarket.com,Male,93.55.61.246
413,Ardra,Whelband,awhelbandbg@so-net.ne.jp,Female,102.114.253.117
414,Kary,Schirach,kschirachbh@over-blog.com,Female,78.145.207.150
415,Winnah,Walrond,wwalrondbi@issuu.com,Female,48.19.78.110
416,Lisette,Kirsopp,lkirsoppbj@oaic.gov.au,Female,6.187.79.30
417,Webster,Glazebrook,wglazebrookbk@vinaora.com,Male,255.38.103.249
418,Josselyn,Castleton,jcastletonbl@amazon.co.uk,Female,125.178.127.38
419,Farrell,Cottem,fcottembm@sohu.com,Male,164.21.41.169
420,Imojean,Pawden,ipawdenbn@webeden.co.uk,Female,96.28.193.46
421,Hinze,Senechell,hsenechellbo@google.fr,Male,96.252.140.21
422,Abagael,Lay,alaybp@mapquest.com,Female,166.125.251.85
423,Moina,Belasco,mbelascobq@va.gov,Female,229.30.131.179
424,Cornell,Novotne,cnovotnebr@forbes.com,Male,108.174.80.112
425,Gal,Swinburne,gswinburnebs@google.es,Male,127.9.150.173
426,Corbet,Bayfield,cbayfieldbt@baidu.com,Male,22.11.188.165
427,Flori,Collick,fcollickbu@google.com.br,Female,231.3.34.133
428,Jedidiah,Allom,jallombv@reuters.com,Male,89.160.58.208
429,Ailina,Delamaine,adelamainebw@scribd.com,Female,222.45.93.203
430,Maribel,Sukbhans,msukbhansbx@usnews.com,Female,170.94.223.179
431,June,Battleson,jbattlesonby@hubpages.com,Female,29.3.75.50
432,Katrina,Ketteman,kkettemanbz@google.co.jp,Female,117.145.31.219
433,Slade,Parkinson,sparkinsonc0@google.com.au,Male,225.222.188.98
434,Angelle,Paule,apaulec1@gravatar.com,Female,142.191.67.252
435,Andrej,Mackness,amacknessc2@eepurl.com,Male,80.159.161.103
436,Martie,Binge,mbingec3@51.la,Male,119.96.202.5
437,Slade,Cosser,scosserc4@slate.com,Male,232.170.64.185
438,Blondell,Cohani,bcohanic5@gmpg.org,Female,201.3.84.56
439,Timmie,Berthomier,tberthomierc6@guardian.co.uk,Female,71.237.68.217
440,Noland,Bosworth,nbosworthc7@chronoengine.com,Male,64.202.201.113
441,Mada,Bodham,mbodhamc8@arizona.edu,Female,49.232.0.30
442,Kendre,Grugerr,kgrugerrc9@dailymail.co.uk,Female,177.44.228.119
443,Boothe,Gilhouley,bgilhouleyca@webs.com,Male,95.132.31.130
444,Ximenes,Arson,xarsoncb@t-online.de,Male,244.144.52.92
445,Sawyer,Inchcomb,sinchcombcc@zdnet.com,Male,235.26.163.252
446,Kyrstin,Carine,kcarinecd@addthis.com,Female,202.219.57.171
447,Evelyn,Lanbertoni,elanbertonice@vinaora.com,Female,55.20.38.30
448,Jecho,Pierri,jpierricf@ca.gov,Male,233.21.206.212
449,Dunstan,Witchell,dwitchellcg@edublogs.org,Male,30.104.238.175
450,Alberik,Leggett,aleggettch@elpais.com,Male,208.106.146.151
451,Karlee,McRobert,kmcrobertci@yellowbook.com,Female,224.3.137.176
452,Hayward,Swedeland,hswedelandcj@tuttocitta.it,Male,254.10.22.223
453,Alyssa,Agutter,aagutterck@list-manage.com,Female,38.45.140.154
454,Kari,Ostridge,kostridgecl@hubpages.com,Female,197.21.16.9
455,Maury,Jain,mjaincm@sogou.com,Male,195.113.245.19
456,Stanislaus,Dowd,sdowdcn@cisco.com,Male,185.59.23.213
457,Layla,Ferronet,lferronetco@weebly.com,Female,244.127.44.8
458,Trude,Kubek,tkubekcp@delicious.com,Female,137.9.36.62
459,Dianna,D'Emanuele,ddemanuelecq@yolasite.com,Female,18.158.71.83
460,Artus,Tregea,atregeacr@surveymonkey.com,Male,248.200.104.84
461,Halie,Huygen,hhuygencs@mtv.com,Female,167.43.25.145
462,Ky,Norvill,knorvillct@indiatimes.com,Male,102.239.7.217
463,Brod,Goldstone,bgoldstonecu@netvibes.com,Male,211.226.56.45
464,Gallard,Jephson,gjephsoncv@archive.org,Male,20.20.20.25
465,Joya,Hawsby,jhawsbycw@wufoo.com,Female,91.177.31.96
466,Kennie,Dray,kdraycx@blinklist.com,Male,173.152.106.169
467,Mindy,Quye,mquyecy@pbs.org,Female,33.195.53.163
468,Carlos,Pulley,cpulleycz@vimeo.com,Male,140.6.139.80
469,Hort,Pleasance,hpleasanced0@wsj.com,Male,169.71.44.217
470,Cammy,Maydwell,cmaydwelld1@slate.com,Male,131.201.221.148
471,Jamesy,Dorricott,jdorricottd2@free.fr,Male,162.210.179.92
472,Faustine,Sandbatch,fsandbatchd3@army.mil,Female,131.152.122.114
473,Salmon,Gurton,sgurtond4@illinois.edu,Male,195.153.233.134
474,Cathe,Leander,cleanderd5@wired.com,Female,243.173.109.242
475,Alica,Ormiston,aormistond6@zimbio.com,Female,233.219.222.80
476,Carroll,Mattack,cmattackd7@europa.eu,Female,157.42.231.147
477,Brockie,Stoak,bstoakd8@ftc.gov,Male,128.221.26.173
478,Gay,Fivey,gfiveyd9@google.es,Female,240.75.171.105
479,Alika,Burrus,aburrusda@multiply.com,Female,165.43.16.10
480,Jae,Camsey,jcamseydb@sciencedirect.com,Male,238.150.125.163
481,Clair,Buesnel,cbuesneldc@theguardian.com,Male,93.124.181.154
482,Fred,Lancley,flancleydd@admin.ch,Male,235.241.75.27
483,Alden,Cosgrive,acosgrivede@webs.com,Male,160.2.44.88
484,Stillman,Camosso,scamossodf@hibu.com,Male,212.244.221.68
485,Marin,Sindell,msindelldg@umich.edu,Female,71.22.143.231
486,Nathan,Ryman,nrymandh@uiuc.edu,Male,75.198.32.38
487,Luz,Muggleston,lmugglestondi@cdbaby.com,Female,123.224.151.197
488,Balduin,Wortt,bworttdj@pbs.org,Male,198.212.184.230
489,Tate,Hawford,thawforddk@tiny.cc,Male,22.193.209.192
490,Jesse,Monini,jmoninidl@shop-pro.jp,Male,232.174.128.68
491,Lidia,Goulthorp,lgoulthorpdm@godaddy.com,Female,93.191.243.184
492,Terri-jo,Cadle,tcadledn@cmu.edu,Female,177.91.91.194
493,Cornell,Tilford,ctilforddo@eventbrite.com,Male,175.82.57.190
494,Stanton,Rappport,srappportdp@msu.edu,Male,215.77.124.250
495,Marja,Baddam,mbaddamdq@answers.com,Female,203.162.74.140
496,Durant,Keaves,dkeavesdr@virginia.edu,Male,84.155.171.210
497,Tiebout,Bedinham,tbedinhamds@nba.com,Male,104.114.242.64
498,Hali,Eldered,heldereddt@skyrock.com,Female,55.220.153.199
499,Anna,Saunier,asaunierdu@about.com,Female,211.204.1.163
500,Connie,Crace,ccracedv@baidu.com,Male,135.65.223.114
501,Donnell,Pickard,dpickarddw@sourceforge.net,Male,100.238.43.113
502,Sophia,Brattell,sbrattelldx@mail.ru,Female,10.171.213.230
503,Barbette,Landman,blandmandy@nationalgeographic.com,Female,133.216.28.247
504,Theo,Margram,tmargramdz@google.com,Male,40.57.209.102
505,Claresta,Attew,cattewe0@reddit.com,Female,189.6.114.68
506,Hildy,Baglin,hbagline1@ycombinator.com,Female,217.232.144.93
507,Stavros,Arendt,sarendte2@fotki.com,Male,188.16.2.120
508,Broderic,Quade,bquadee3@unc.edu,Male,10.133.5.116
509,Roth,Joyner,rjoynere4@furl.net,Male,19.107.101.89
510,Anthe,Blaisdale,ablaisdalee5@github.io,Female,211.129.56.1
511,Aron,Phin,aphine6@delicious.com,Male,243.143.13.207
512,Kasper,Casewell,kcasewelle7@ft.com,Male,39.141.19.179
513,Rheta,Witcombe,rwitcombee8@geocities.jp,Female,33.69.31.228
514,Portia,Kliement,pkliemente9@dropbox.com,Female,29.83.189.208
515,Reagen,Zarfati,rzarfatiea@utexas.edu,Male,244.124.144.125
516,Christiane,Govey,cgoveyeb@bigcartel.com,Female,82.45.152.13
517,Gill,Prowse,gprowseec@moonfruit.com,Female,30.229.52.35
518,Chandler,Schiell,cschielled@sohu.com,Male,1.107.151.63
519,Amalle,Pero,aperoee@slate.com,Female,197.8.88.107
520,Malvina,Johncey,mjohnceyef@printfriendly.com,Female,182.183.133.10
521,Kaine,McCarver,kmccarvereg@youtu.be,Male,90.131.35.91
522,Shadow,Badini,sbadinieh@imgur.com,Male,173.109.38.244
523,Carlyle,Scotchbrook,cscotchbrookei@independent.co.uk,Male,71.87.165.113
524,Hadlee,Bax,hbaxej@quantcast.com,Male,156.107.217.244
525,Morena,Gras,mgrasek@creativecommons.org,Female,41.10.45.248
526,Gaby,Fance,gfanceel@bloglines.com,Male,60.7.82.247
527,Verena,McKelvey,vmckelveyem@webnode.com,Female,215.93.52.4
528,Tristan,Rockwill,trockwillen@ed.gov,Male,18.135.81.75
529,Nomi,Merrilees,nmerrileeseo@google.de,Female,109.130.245.183
530,Burk,Darrow,bdarrowep@google.co.jp,Male,186.108.2.132
531,Sutherland,Tanslie,stanslieeq@cmu.edu,Male,253.206.183.166
532,Ibrahim,Pisculli,ipiscullier@wikipedia.org,Male,178.124.106.221
533,Brinn,Gilhoolie,bgilhooliees@webmd.com,Female,56.172.133.15
534,Lemmie,Mitchard,lmitchardet@canalblog.com,Male,94.124.13.146
535,Ula,Thickin,uthickineu@slate.com,Female,136.83.114.5
536,Etienne,Sine,esineev@xinhuanet.com,Male,107.213.100.199
537,Viv,Fidilis,vfidilisew@va.gov,Female,22.42.187.181
538,Selina,McAne,smcaneex@shareasale.com,Female,121.59.221.222
539,Halli,Willowby,hwillowbyey@si.edu,Female,207.75.141.7
540,Antonino,Sexty,asextyez@acquirethisname.com,Male,36.213.177.49
541,Gates,Fellgatt,gfellgattf0@posterous.com,Female,195.78.164.246
542,Loleta,Wisdom,lwisdomf1@archive.org,Female,4.35.161.253
543,Petr,Ornelas,pornelasf2@prweb.com,Male,236.112.150.160
544,Steffi,Lyard,slyardf3@comcast.net,Female,248.50.143.201
545,Calv,Tooby,ctoobyf4@nsw.gov.au,Male,100.208.81.58
546,Krispin,Witch,kwitchf5@msn.com,Male,66.41.10.174
547,Peggie,Phythien,pphythienf6@timesonline.co.uk,Female,177.3.236.101
548,Melinda,Ravenhills,mravenhillsf7@aol.com,Female,56.153.12.9
549,Konstantin,Byres,kbyresf8@skype.com,Male,105.31.21.53
550,Daryn,Liepmann,dliepmannf9@earthlink.net,Female,24.218.31.42
551,Ian,Meldon,imeldonfa@hud.gov,Male,170.144.200.124
552,Rhianna,Houliston,rhoulistonfb@diigo.com,Female,93.243.153.116
553,Donnie,Bethel,dbethelfc@mediafire.com,Male,194.2.176.239
554,Shelagh,Beardwood,sbeardwoodfd@disqus.com,Female,208.151.11.112
555,Antony,Skarman,askarmanfe@pbs.org,Male,220.167.216.234
556,Silas,Zucker,szuckerff@boston.com,Male,234.188.59.166
557,Tracie,Rappa,trappafg@fotki.com,Male,95.83.28.53
558,Edsel,Bodimeade,ebodimeadefh@a8.net,Male,196.84.230.99
559,Lorena,Jessope,ljessopefi@mapy.cz,Female,129.221.39.207
560,Georgi,Schwandermann,gschwandermannfj@elpais.com,Male,217.30.192.108
561,Cross,Bohman,cbohmanfk@walmart.com,Male,151.88.232.204
562,Wendi,Duthie,wduthiefl@youtu.be,Female,184.31.10.84
563,Faydra,Matevosian,fmatevosianfm@google.pl,Female,238.222.135.67
564,Curtice,Jeandillou,cjeandilloufn@vinaora.com,Male,138.166.38.90
565,Valentia,Vannoni,vvannonifo@rambler.ru,Female,232.147.91.71
566,Emlen,Caldecourt,ecaldecourtfp@economist.com,Male,223.141.198.230
567,Susie,Pepperill,spepperillfq@paypal.com,Female,131.220.162.58
568,Holt,Spawell,hspawellfr@sfgate.com,Male,177.156.58.53
569,Karyl,Winning,kwinningfs@stumbleupon.com,Female,255.59.67.95
570,Alfie,Redhead,aredheadft@google.pl,Male,14.6.213.205
571,Sutherlan,Pryell,spryellfu@seattletimes.com,Male,86.132.75.238
572,Ariel,Cowperthwaite,acowperthwaitefv@reddit.com,Male,15.221.173.91
573,Wilhelm,Gotcliffe,wgotcliffefw@webs.com,Male,81.215.133.234
574,Virgilio,Vasenkov,vvasenkovfx@a8.net,Male,183.116.187.198
575,Stanfield,Coldicott,scoldicottfy@ox.ac.uk,Male,49.199.136.80
576,Mackenzie,Alphege,malphegefz@friendfeed.com,Male,196.49.124.7
577,Lilly,Gillcrist,lgillcristg0@is.gd,Female,240.185.99.51
578,Kory,Fellow,kfellowg1@desdev.cn,Male,216.207.34.234
579,Burton,Haymes,bhaymesg2@vistaprint.com,Male,142.5.149.21
580,Tootsie,Bortolutti,tbortoluttig3@utexas.edu,Female,93.225.138.230
581,Odelle,Doumer,odoumerg4@unc.edu,Female,238.171.87.180
582,Rab,Raiston,rraistong5@usda.gov,Male,25.146.73.40
583,Cahra,Saxon,csaxong6@istockphoto.com,Female,208.80.205.91
584,Art,Poone,apooneg7@pagesperso-orange.fr,Male,15.191.252.213
585,Kathi,Cato,kcatog8@bandcamp.com,Female,144.220.240.106
586,Shawn,Trenaman,strenamang9@freewebs.com,Male,37.254.252.73
587,Ebeneser,Payton,epaytonga@over-blog.com,Male,97.219.211.79
588,Nataniel,Veivers,nveiversgb@bigcartel.com,Male,247.2.63.66
589,Vail,Friberg,vfriberggc@drupal.org,Male,246.95.216.102
590,Sheilah,Fone,sfonegd@whitehouse.gov,Female,19.202.159.220
591,King,Clarage,kclaragege@aboutads.info,Male,174.229.220.122
592,Dael,McClay,dmcclaygf@pbs.org,Female,73.251.229.170
593,Federico,Marioneau,fmarioneaugg@elegantthemes.com,Male,226.162.142.88
594,Spenser,Villaron,svillarongh@yelp.com,Male,41.172.228.32
595,Nicolai,Heningham,nheninghamgi@dmoz.org,Male,115.51.123.103
596,Dorian,Gheeraert,dgheeraertgj@europa.eu,Female,89.228.235.231
597,Maurie,Bradburn,mbradburngk@disqus.com,Male,25.190.37.113
598,Finley,Bentson,fbentsongl@google.com.br,Male,46.156.27.35
599,Jessamine,Cabane,jcabanegm@webnode.com,Female,23.35.110.235
600,Nolana,Beavors,nbeavorsgn@netlog.com,Female,164.53.7.233
601,Collie,Crab,ccrabgo@deviantart.com,Female,43.95.163.157
602,Wendi,Joscelyne,wjoscelynegp@freewebs.com,Female,54.82.77.138
603,Elisha,Puden,epudengq@telegraph.co.uk,Female,136.15.142.35
604,Giles,Terrington,gterringtongr@time.com,Male,34.181.190.158
605,Emmi,O'Cosgra,eocosgrags@miitbeian.gov.cn,Female,158.178.182.211
606,Nellie,Burhouse,nburhousegt@dailymail.co.uk,Female,98.212.76.61
607,Georgine,Passfield,gpassfieldgu@amazonaws.com,Female,222.189.138.46
608,Ian,MacFaell,imacfaellgv@umich.edu,Male,131.187.86.121
609,Addison,Dresse,adressegw@fastcompany.com,Male,59.181.119.222
610,Vinnie,Saffen,vsaffengx@howstuffworks.com,Female,23.191.117.96
611,Antonietta,Dummer,adummergy@ox.ac.uk,Female,14.237.27.234
612,Meredith,Balas,mbalasgz@dot.gov,Male,247.75.89.183
613,Olga,Kubanek,okubanekh0@ning.com,Female,242.150.171.24
614,Torie,Keyser,tkeyserh1@samsung.com,Female,45.13.216.96
615,Seward,Doore,sdooreh2@oracle.com,Male,6.36.191.38
616,Adam,McCook,amccookh3@booking.com,Male,169.65.70.12
617,Sidnee,Rosenfrucht,srosenfruchth4@ucla.edu,Male,207.41.19.4
618,Hadria,Bonifas,hbonifash5@infoseek.co.jp,Female,83.10.25.0
619,Helene,Alasdair,halasdairh6@ehow.com,Female,211.78.122.116
620,Fianna,Hradsky,fhradskyh7@xing.com,Female,204.14.82.237
621,Giordano,Ugolini,gugolinih8@adobe.com,Male,82.100.148.42
622,Gwenneth,McGarrahan,gmcgarrahanh9@typepad.com,Female,120.91.0.133
623,Cinnamon,Ioan,cioanha@xinhuanet.com,Female,214.20.7.250
624,Evelyn,Sotheron,esotheronhb@cnn.com,Female,71.176.212.130
625,Hally,Giannini,hgianninihc@cbc.ca,Female,30.51.231.247
626,Marco,Cobby,mcobbyhd@paginegialle.it,Male,184.40.173.77
627,Tammara,Kigelman,tkigelmanhe@pagesperso-orange.fr,Female,174.242.83.189
628,Sib,Readmire,sreadmirehf@cbsnews.com,Female,146.11.231.47
629,Rock,Vanderplas,rvanderplashg@usatoday.com,Male,109.66.122.104
630,Nikolai,Barrington,nbarringtonhh@ocn.ne.jp,Male,13.221.90.53
631,Flora,McIlwrath,fmcilwrathhi@msn.com,Female,43.107.148.125
632,Alison,Gloucester,agloucesterhj@imageshack.us,Female,20.42.28.96
633,Eddie,Kegg,ekegghk@booking.com,Female,61.140.84.247
634,Reilly,Craghead,rcragheadhl@redcross.org,Male,104.200.11.241
635,Coleen,Gregr,cgregrhm@howstuffworks.com,Female,83.28.233.121
636,Loni,McSperron,lmcsperronhn@sourceforge.net,Female,84.211.238.181
637,Amil,Van Brug,avanbrugho@biblegateway.com,Female,45.206.145.26
638,Morris,Gurery,mgureryhp@newyorker.com,Male,75.23.240.216
639,Costa,Stride,cstridehq@census.gov,Male,148.93.90.190
640,Arch,Rucklidge,arucklidgehr@weibo.com,Male,176.104.248.30
641,Darryl,Mowsdale,dmowsdalehs@theatlantic.com,Male,240.20.241.212
642,Jabez,Ibbott,jibbottht@slate.com,Male,138.113.152.167
643,Ike,Spiller,ispillerhu@nasa.gov,Male,49.183.209.222
644,Winston,Adnett,wadnetthv@microsoft.com,Male,104.96.11.144
645,Kinnie,Atmore,katmorehw@boston.com,Male,139.207.66.107
646,Katerina,Wayon,kwayonhx@jiathis.com,Female,176.251.210.5
647,Ezequiel,Glossup,eglossuphy@soup.io,Male,244.201.210.254
648,Charmian,Greig,cgreighz@skyrock.com,Female,102.86.107.1
649,Benton,Tharme,btharmei0@nifty.com,Male,26.227.129.120
650,Kerwinn,Portriss,kportrissi1@parallels.com,Male,170.177.139.185
651,Harwell,Fortye,hfortyei2@usda.gov,Male,145.230.159.17
652,Graig,Sloey,gsloeyi3@ocn.ne.jp,Male,128.101.224.56
653,Natty,Gandey,ngandeyi4@army.mil,Male,207.13.214.132
654,Orella,Meddemmen,omeddemmeni5@w3.org,Female,99.157.194.102
655,Hermy,Gurnay,hgurnayi6@google.co.uk,Male,176.23.183.45
656,Pearla,McFetridge,pmcfetridgei7@sciencedirect.com,Female,179.137.16.202
657,Thekla,Phillpot,tphillpoti8@comsenz.com,Female,16.182.222.36
658,Veronika,Mallord,vmallordi9@google.pl,Female,118.4.195.227
659,Audrey,Bernardy,abernardyia@squarespace.com,Female,104.208.187.25
660,Evangelin,Rumsby,erumsbyib@ycombinator.com,Female,136.38.4.52
661,Marni,Blampey,mblampeyic@blinklist.com,Female,92.121.176.249
662,Imogen,Wurz,iwurzid@home.pl,Female,194.176.132.48
663,Germaine,Youle,gyouleie@sogou.com,Male,222.99.148.252
664,Darby,Gravie,dgravieif@ezinearticles.com,Male,95.101.239.80
665,Wendi,Huzzay,whuzzayig@squidoo.com,Female,5.246.153.208
666,Mattheus,Leele,mleeleih@hibu.com,Male,37.199.173.240
667,Frederic,Dmisek,fdmisekii@cnbc.com,Male,186.68.16.202
668,Theodor,Izaks,tizaksij@google.com.br,Male,166.45.113.225
669,Roosevelt,Gatsby,rgatsbyik@jigsy.com,Male,101.17.123.59
670,Gussie,Cotilard,gcotilardil@va.gov,Female,52.87.141.158
671,Marnia,Jorger,mjorgerim@newyorker.com,Female,207.91.158.75
672,Aguistin,Sinton,asintonin@diigo.com,Male,106.185.78.80
673,Ichabod,Endrizzi,iendrizziio@wisc.edu,Male,148.193.149.210
674,Weidar,Skirvane,wskirvaneip@tmall.com,Male,23.126.140.8
675,Corny,Efford,ceffordiq@sourceforge.net,Male,49.255.87.111
676,Kienan,Bellew,kbellewir@vkontakte.ru,Male,108.81.134.119
677,Davin,Jewers,djewersis@whitehouse.gov,Male,246.162.215.131
678,King,Fullegar,kfullegarit@ning.com,Male,44.161.87.175
679,Mickey,Preddy,mpreddyiu@zimbio.com,Male,45.148.233.191
680,Tara,Whitbread,twhitbreadiv@meetup.com,Female,180.28.201.131
681,Davis,Olyunin,dolyuniniw@constantcontact.com,Male,246.110.208.237
682,Amelita,Krabbe,akrabbeix@bbc.co.uk,Female,135.125.0.224
683,Doralynne,Tibbits,dtibbitsiy@usda.gov,Female,137.33.40.207
684,Ernie,Polendine,epolendineiz@dyndns.org,Male,174.148.97.104
685,Arnie,Poundsford,apoundsfordj0@nsw.gov.au,Male,120.62.11.104
686,Fancy,Vanyashin,fvanyashinj1@ox.ac.uk,Female,99.176.143.84
687,Dulcinea,Shovlar,dshovlarj2@cnet.com,Female,112.43.2.143
688,Munroe,Diemer,mdiemerj3@fc2.com,Male,32.161.25.103
689,Chester,Brewers,cbrewersj4@virginia.edu,Male,58.136.146.246
690,Gladi,Ivashov,givashovj5@tripod.com,Female,201.153.243.183
691,Theo,Pettyfer,tpettyferj6@hc360.com,Male,112.51.69.140
692,Edmund,Ragbourn,eragbournj7@mozilla.com,Male,6.185.151.44
693,Marty,Lugsdin,mlugsdinj8@opera.com,Female,10.236.187.21
694,Gorden,Ceney,gceneyj9@dagondesign.com,Male,71.220.54.217
695,Ansel,Bonnar,abonnarja@upenn.edu,Male,213.44.173.118
696,Maryjo,Soda,msodajb@nba.com,Female,247.69.41.67
697,Alix,Dearl,adearljc@mashable.com,Female,248.187.36.219
698,Sybille,Swannick,sswannickjd@comcast.net,Female,159.227.155.209
699,Nilson,Toolin,ntoolinje@icio.us,Male,176.181.67.239
700,Rufus,Milmore,rmilmorejf@mail.ru,Male,245.3.210.109
701,Annadiane,Steart,asteartjg@technorati.com,Female,213.47.132.213
702,Eal,Oloshin,eoloshinjh@discuz.net,Male,134.196.248.62
703,Blanche,Lydall,blydallji@cpanel.net,Female,16.200.62.68
704,Matilda,Larking,mlarkingjj@google.it,Female,18.33.208.96
705,Tybie,Roseveare,trosevearejk@skyrock.com,Female,156.209.152.88
706,Lorrie,Orrow,lorrowjl@facebook.com,Male,241.72.153.17
707,Drud,MacKenzie,dmackenziejm@deviantart.com,Male,75.100.62.198
708,Karrie,Sinkinson,ksinkinsonjn@unblog.fr,Female,26.191.211.83
709,Stesha,Beig,sbeigjo@samsung.com,Female,161.249.191.72
710,Winonah,Maggs,wmaggsjp@exblog.jp,Female,131.22.220.31
711,Claybourne,Sponton,cspontonjq@cocolog-nifty.com,Male,158.50.55.123
712,Cathlene,Simmonite,csimmonitejr@dropbox.com,Female,143.37.37.175
713,Bianca,Kettlesting,bkettlestingjs@gravatar.com,Female,103.192.53.121
714,Junette,Ambrogi,jambrogijt@epa.gov,Female,29.224.80.187
715,Roderick,Dei,rdeiju@usnews.com,Male,57.149.143.128
716,Lucky,Brandino,lbrandinojv@deviantart.com,Female,240.197.16.220
717,Dannye,Warrington,dwarringtonjw@mashable.com,Female,145.224.196.23
718,Melva,Punt,mpuntjx@t.co,Female,133.98.54.22
719,Fredrick,Hofner,fhofnerjy@webs.com,Male,236.252.153.184
720,Herbert,Tripean,htripeanjz@csmonitor.com,Male,26.81.167.191
721,Burl,Teresi,bteresik0@mozilla.com,Male,60.16.18.71
722,Veronika,Rawlingson,vrawlingsonk1@yolasite.com,Female,109.222.80.211
723,Gwyneth,Fairbrace,gfairbracek2@storify.com,Female,74.255.55.28
724,Lennie,Bowton,lbowtonk3@mashable.com,Male,229.82.117.7
725,Adelaide,Hethron,ahethronk4@omniture.com,Female,245.130.74.63
726,Meggie,Gaze,mgazek5@t.co,Female,172.64.42.24
727,Nan,Heliar,nheliark6@canalblog.com,Female,113.56.223.215
728,Trixie,Hillum,thillumk7@rakuten.co.jp,Female,39.203.181.219
729,Darwin,Maskell,dmaskellk8@zimbio.com,Male,180.211.188.57
730,Dannie,Kimbly,dkimblyk9@army.mil,Female,50.215.160.235
731,Omar,Dragge,odraggeka@irs.gov,Male,150.80.213.197
732,Heall,Flockhart,hflockhartkb@homestead.com,Male,21.237.182.204
733,Matthew,Bryning,mbryningkc@stanford.edu,Male,37.180.117.147
734,Yolande,Alfwy,yalfwykd@intel.com,Female,53.105.99.119
735,Carroll,Hancorn,chancornke@narod.ru,Female,61.55.203.72
736,Virgina,Saterweyte,vsaterweytekf@cnn.com,Female,36.202.61.38
737,Lambert,Forrester,lforresterkg@kickstarter.com,Male,20.201.187.214
738,Ardis,Pauletti,apaulettikh@eventbrite.com,Female,210.186.253.180
739,Lorne,Seywood,lseywoodki@chron.com,Female,124.205.101.192
740,Antonina,Scohier,ascohierkj@facebook.com,Female,196.56.134.248
741,Kimbell,Battersby,kbattersbykk@google.ca,Male,204.40.197.76
742,Cheryl,Saffer,csafferkl@sun.com,Female,145.149.212.128
743,Zaccaria,Rappa,zrappakm@aboutads.info,Male,223.212.76.214
744,Sid,Canti,scantikn@comsenz.com,Male,48.0.38.113
745,Hugibert,Daws,hdawsko@yale.edu,Male,3.0.85.184
746,Gregory,Danat,gdanatkp@com.com,Male,231.6.172.91
747,Jilli,Capnerhurst,jcapnerhurstkq@fc2.com,Female,179.54.11.102
748,Vale,Gowling,vgowlingkr@dmoz.org,Male,157.115.22.74
749,Florencia,Greenly,fgreenlyks@unc.edu,Female,211.6.157.142
750,Sissy,Marjanski,smarjanskikt@imageshack.us,Female,108.205.152.103
751,Denyse,Greatbanks,dgreatbanksku@deviantart.com,Female,70.57.115.104
752,Janine,McCalister,jmccalisterkv@mtv.com,Female,17.73.16.247
753,Ximenes,Tunn,xtunnkw@odnoklassniki.ru,Male,224.66.180.142
754,Budd,Sibille,bsibillekx@constantcontact.com,Male,242.81.194.71
755,Ruth,Lavalle,rlavalleky@cargocollective.com,Female,165.77.192.21
756,Reid,Blatcher,rblatcherkz@about.me,Male,175.172.234.129
757,Van,Mewitt,vmewittl0@xing.com,Male,142.33.31.217
758,Jacki,Willishire,jwillishirel1@pagesperso-orange.fr,Female,121.190.186.51
759,Lauryn,Symmers,lsymmersl2@soup.io,Female,72.29.59.136
760,Wade,Batrip,wbatripl3@baidu.com,Male,132.150.50.48
761,Karon,Alstead,kalsteadl4@bravesites.com,Female,148.143.107.51
762,Sally,Terney,sterneyl5@about.com,Female,73.229.255.138
763,Hildy,Curnnok,hcurnnokl6@sfgate.com,Female,114.207.65.19
764,Goddard,Gandey,ggandeyl7@goodreads.com,Male,17.148.73.168
765,Lowrance,Slatten,lslattenl8@sakura.ne.jp,Male,125.114.214.132
766,Donalt,McKeran,dmckeranl9@flavors.me,Male,237.159.122.137
767,Gayler,Spawell,gspawellla@i2i.jp,Male,67.169.153.7
768,Tremain,Dunstall,tdunstalllb@naver.com,Male,251.21.77.78
769,Sheilah,Amott,samottlc@networkadvertising.org,Female,251.210.0.245
770,Paquito,O'Sherin,posherinld@wordpress.org,Male,35.50.193.66
771,Jamill,Boles,jbolesle@ftc.gov,Male,38.97.126.72
772,Maryellen,Sineath,msineathlf@hao123.com,Female,25.89.243.211
773,Sheff,Britt,sbrittlg@meetup.com,Male,28.121.6.82
774,Nikkie,Ousby,nousbylh@cbslocal.com,Female,53.96.160.67
775,Adan,Dunne,adunneli@nationalgeographic.com,Male,102.125.102.215
776,Ailina,Board,aboardlj@google.it,Female,182.84.45.99
777,Domeniga,Fereday,dferedaylk@webmd.com,Female,178.206.106.18
778,Tarra,McAw,tmcawll@businessweek.com,Female,217.30.90.145
779,Fonsie,Digman,fdigmanlm@kickstarter.com,Male,30.88.254.233
780,Cyndi,Bagge,cbaggeln@hugedomains.com,Female,207.23.134.233
781,Alane,Butts,abuttslo@yelp.com,Female,44.200.90.3
782,Hunt,De Giovanni,hdegiovannilp@quantcast.com,Male,76.63.42.70
783,Faun,Tuther,ftutherlq@over-blog.com,Female,207.244.146.98
784,Octavius,Connealy,oconnealylr@tiny.cc,Male,119.245.101.14
785,Joseito,Jermey,jjermeyls@walmart.com,Male,143.252.157.68
786,Jessie,Aarons,jaaronslt@ft.com,Female,165.236.44.202
787,Von,Tilburn,vtilburnlu@sohu.com,Male,79.141.227.213
788,Aurel,Ormerod,aormerodlv@huffingtonpost.com,Female,30.187.161.109
789,Zitella,Newvill,znewvilllw@ebay.co.uk,Female,117.36.2.201
790,Gearard,Cleveley,gcleveleylx@wordpress.org,Male,70.212.81.170
791,Lars,Glader,lgladerly@nsw.gov.au,Male,130.67.70.71
792,Elvin,Churly,echurlylz@symantec.com,Male,92.50.217.26
793,Grannie,Urling,gurlingm0@indiatimes.com,Male,50.182.26.90
794,Oliver,Lorey,oloreym1@webmd.com,Male,245.35.14.129
795,Oswald,Mapletoft,omapletoftm2@ycombinator.com,Male,162.247.13.132
796,Verine,Cheetam,vcheetamm3@wikipedia.org,Female,144.3.197.54
797,Udell,Pristnor,upristnorm4@ucoz.com,Male,241.247.4.35
798,Frederic,Fontaine,ffontainem5@yellowbook.com,Male,88.19.139.170
799,Rafferty,Beck,rbeckm6@dropbox.com,Male,25.95.243.126
800,Jecho,Woofendell,jwoofendellm7@facebook.com,Male,13.111.189.124
801,Evey,Rosevear,erosevearm8@posterous.com,Female,86.247.87.100
802,Glenna,Rosbottom,grosbottomm9@geocities.jp,Female,225.216.36.9
803,Joshua,Polycote,jpolycotema@lulu.com,Male,67.5.121.86
804,Adams,Burbridge,aburbridgemb@scientificamerican.com,Male,199.30.139.178
805,Zebedee,Paulucci,zpauluccimc@hibu.com,Male,97.191.209.56
806,Barthel,Yewdell,byewdellmd@nature.com,Male,49.65.19.126
807,Crawford,Castana,ccastaname@tripadvisor.com,Male,156.50.50.187
808,Lolly,Becke,lbeckemf@phpbb.com,Female,161.244.8.227
809,Tucker,Paulin,tpaulinmg@webmd.com,Male,102.162.69.59
810,Milly,Houlson,mhoulsonmh@sciencedaily.com,Female,192.118.159.237
811,Jody,Dabnot,jdabnotmi@moonfruit.com,Male,136.82.199.231
812,Bonnee,Esposito,bespositomj@meetup.com,Female,140.95.198.195
813,Maure,Ossipenko,mossipenkomk@zimbio.com,Female,171.111.38.60
814,Gunther,Covington,gcovingtonml@nps.gov,Male,1.67.38.4
815,Francesca,Baddoe,fbaddoemm@newyorker.com,Female,152.193.19.29
816,Jehu,Kibble,jkibblemn@privacy.gov.au,Male,144.50.218.32
817,Dinnie,Vlasin,dvlasinmo@vk.com,Female,222.154.167.2
818,Marius,Spohrmann,mspohrmannmp@squarespace.com,Male,227.212.157.159
819,Thornton,Herety,theretymq@home.pl,Male,170.159.236.195
820,Beckie,Pedrazzi,bpedrazzimr@networksolutions.com,Female,174.189.77.0
821,Wini,McNeigh,wmcneighms@sun.com,Female,65.108.7.177
822,Demetris,McDool,dmcdoolmt@youtube.com,Male,52.145.188.13
823,Barnaby,Gilpin,bgilpinmu@noaa.gov,Male,239.215.36.62
824,Shea,Louiset,slouisetmv@jiathis.com,Female,137.233.244.179
825,Irina,Andreacci,iandreaccimw@macromedia.com,Female,142.19.96.109
826,Rollo,Royden,rroydenmx@webs.com,Male,57.47.209.0
827,Rachael,Trew,rtrewmy@auda.org.au,Female,173.131.115.199
828,Giorgio,Pollitt,gpollittmz@privacy.gov.au,Male,75.85.114.235
829,Eb,Petruk,epetrukn0@sitemeter.com,Male,88.103.20.53
830,Berny,Teasdale-Markie,bteasdalemarkien1@foxnews.com,Male,184.52.251.110
831,Abbie,Pasfield,apasfieldn2@geocities.jp,Male,37.168.152.154
832,Carlyn,Artin,cartinn3@bing.com,Female,146.113.150.123
833,Byrom,Fleckness,bflecknessn4@diigo.com,Male,200.153.180.141
834,Amata,Leavold,aleavoldn5@studiopress.com,Female,174.196.45.129
835,Consuelo,Fraczek,cfraczekn6@vimeo.com,Female,48.42.192.187
836,Herrick,Scardifield,hscardifieldn7@businessweek.com,Male,101.200.191.134
837,Gran,Woodyeare,gwoodyearen8@gmpg.org,Male,180.185.213.81
838,Erv,Guppey,eguppeyn9@cnbc.com,Male,166.130.206.199
839,Georgette,de Tocqueville,gdetocquevillena@upenn.edu,Female,148.31.134.116
840,Sebastien,Drillingcourt,sdrillingcourtnb@yellowbook.com,Male,46.159.221.147
841,Nora,Rhys,nrhysnc@globo.com,Female,190.192.253.1
842,Hardy,Coenraets,hcoenraetsnd@boston.com,Male,157.168.192.26
843,Michaela,Rameaux,mrameauxne@slideshare.net,Female,203.123.146.124
844,Carmon,Brewood,cbrewoodnf@utexas.edu,Female,114.19.49.67
845,Hyacinthie,Wroath,hwroathng@thetimes.co.uk,Female,37.51.65.183
846,Mona,Dare,mdarenh@fda.gov,Female,37.15.49.239
847,Zenia,Sousa,zsousani@nature.com,Female,15.67.113.181
848,Rosana,Pennick,rpennicknj@cpanel.net,Female,62.200.179.37
849,Jourdan,Liddel,jliddelnk@acquirethisname.com,Female,123.213.59.197
850,Lotte,Hartnell,lhartnellnl@blogs.com,Female,206.196.195.79
851,Dorian,Crier,dcriernm@ox.ac.uk,Male,178.160.123.70
852,Tuesday,Benson,tbensonnn@craigslist.org,Female,254.142.134.173
853,Marylou,Shutte,mshutteno@instagram.com,Female,242.132.149.200
854,Clerissa,Peaple,cpeaplenp@un.org,Female,196.122.6.65
855,Lela,Lingard,llingardnq@va.gov,Female,30.4.64.67
856,Lynsey,McGiveen,lmcgiveennr@nih.gov,Female,174.121.176.60
857,Gayler,Grimsey,ggrimseyns@vinaora.com,Male,34.86.102.120
858,Donal,Hawksley,dhawksleynt@wisc.edu,Male,141.28.17.202
859,Laurent,Medler,lmedlernu@desdev.cn,Male,234.235.185.15
860,Grayce,Hache,ghachenv@multiply.com,Female,138.133.123.203
861,Erna,Plitz,eplitznw@surveymonkey.com,Female,228.186.163.206
862,Lois,Dowdle,ldowdlenx@technorati.com,Female,190.66.170.61
863,Victor,Ash,vashny@imgur.com,Male,83.175.225.202
864,Cole,Grierson,cgriersonnz@google.co.jp,Male,14.248.147.173
865,Phylis,Loxley,ploxleyo0@usnews.com,Female,32.118.49.91
866,Kirsti,Brands,kbrandso1@hatena.ne.jp,Female,124.19.66.67
867,Agata,Ciccottio,aciccottioo2@miitbeian.gov.cn,Female,33.90.158.73
868,Benny,Dufore,bduforeo3@thetimes.co.uk,Male,169.197.179.157
869,Sephira,Welldrake,swelldrakeo4@booking.com,Female,122.225.164.115
870,Charo,Filon,cfilono5@sun.com,Female,27.128.98.77
871,Querida,Fossord,qfossordo6@sitemeter.com,Female,129.196.110.173
872,Cherianne,Yankin,cyankino7@elpais.com,Female,78.140.186.133
873,Berk,Skull,bskullo8@eepurl.com,Male,232.147.235.47
874,Tan,Skeech,tskeecho9@exblog.jp,Male,199.217.111.222
875,Hadria,Rust,hrustoa@jiathis.com,Female,46.186.84.224
876,Johna,Phillps,jphillpsob@narod.ru,Female,191.14.9.97
877,Humbert,Orwell,horwelloc@ed.gov,Male,163.206.235.254
878,Terrye,Roberson,trobersonod@time.com,Female,59.247.251.246
879,Meade,Betton,mbettonoe@feedburner.com,Male,78.136.77.128
880,Joann,Eddolls,jeddollsof@sbwire.com,Female,225.187.209.222
881,Brenden,Erricker,berrickerog@google.ca,Male,110.27.67.109
882,Myca,Bickell,mbickelloh@cafepress.com,Male,111.11.212.159
883,George,Griffithe,ggriffitheoi@businessweek.com,Male,98.182.149.44
884,Damian,Sharple,dsharpleoj@163.com,Male,44.161.188.194
885,Waldo,Sapey,wsapeyok@home.pl,Male,191.102.193.80
886,Zandra,Sharrier,zsharrierol@desdev.cn,Female,5.29.82.236
887,Allyn,MacDiarmond,amacdiarmondom@skype.com,Male,37.120.209.137
888,Pippy,Pharo,ppharoon@ustream.tv,Female,242.114.0.218
889,Abramo,Megainey,amegaineyoo@google.fr,Male,12.238.132.43
890,Brocky,Paxforde,bpaxfordeop@msn.com,Male,172.10.84.247
891,Gaynor,Illsley,gillsleyoq@symantec.com,Female,157.221.207.104
892,Brucie,Conaghy,bconaghyor@biglobe.ne.jp,Male,43.59.0.190
893,Reagan,Hannam,rhannamos@lycos.com,Male,200.172.199.232
894,Berti,Bidgod,bbidgodot@360.cn,Female,94.181.95.26
895,Donnamarie,Hofer,dhoferou@guardian.co.uk,Female,222.163.149.244
896,Rayner,Worgen,rworgenov@vkontakte.ru,Male,238.150.170.255
897,Wandie,Mix,wmixow@army.mil,Female,106.159.30.52
898,Celestina,Collibear,ccollibearox@tuttocitta.it,Female,139.17.179.161
899,Hailee,Linke,hlinkeoy@unblog.fr,Female,78.243.1.215
900,Tobin,Dann,tdannoz@smugmug.com,Male,238.42.88.150
901,Jarrid,Cluelow,jcluelowp0@twitter.com,Male,194.90.90.122
902,Nathalie,Hauck,nhauckp1@gnu.org,Female,47.202.195.176
903,Byrann,Westhofer,bwesthoferp2@barnesandnoble.com,Male,255.48.81.113
904,Bartolomeo,Goldspink,bgoldspinkp3@ted.com,Male,226.180.41.200
905,Zebedee,Rugg,zruggp4@t.co,Male,118.178.58.230
906,Misha,Gallatly,mgallatlyp5@zimbio.com,Female,67.126.218.184
907,Paxon,Meneghi,pmeneghip6@gmpg.org,Male,112.146.171.65
908,Linn,Crampton,lcramptonp7@wunderground.com,Female,122.251.129.149
909,Ricardo,Maccree,rmaccreep8@yahoo.com,Male,115.0.67.166
910,Reagen,Cowans,rcowansp9@bloglovin.com,Male,133.95.234.17
911,Ashlee,Bampkin,abampkinpa@nytimes.com,Female,248.148.189.202
912,Nicolas,Bamlett,nbamlettpb@nba.com,Male,106.221.118.51
913,Karrie,O'Feeny,kofeenypc@redcross.org,Female,34.128.24.10
914,Felizio,Mostyn,fmostynpd@bloglines.com,Male,27.139.160.145
915,Toddy,Mayer,tmayerpe@princeton.edu,Male,90.53.103.21
916,Leonhard,Leaming,lleamingpf@icq.com,Male,150.0.159.189
917,Garey,Cowe,gcowepg@amazon.de,Male,15.46.177.186
918,Dorisa,Aldersey,dalderseyph@indiegogo.com,Female,227.165.111.2
919,Blane,Lampens,blampenspi@auda.org.au,Male,41.174.105.83
920,Felizio,Copson,fcopsonpj@oakley.com,Male,60.64.103.131
921,Gerhardt,Arzu,garzupk@time.com,Male,33.187.30.114
922,Christoper,Alishoner,calishonerpl@linkedin.com,Male,14.157.178.245
923,Gilberta,Dewsnap,gdewsnappm@blogspot.com,Female,43.24.92.220
924,Wilma,Beynkn,wbeynknpn@hp.com,Female,252.107.46.116
925,Monika,Rugiero,mrugieropo@creativecommons.org,Female,44.167.115.237
926,Francine,Raymond,fraymondpp@phoca.cz,Female,255.206.2.121
927,Patricia,Ogers,pogerspq@indiatimes.com,Female,206.161.215.186
928,Ruperto,Croser,rcroserpr@chronoengine.com,Male,166.205.27.85
929,Cosme,Curuclis,ccuruclisps@foxnews.com,Male,76.139.43.230
930,Pansy,Yurygyn,pyurygynpt@gravatar.com,Female,48.0.249.188
931,Hollie,Filipic,hfilipicpu@a8.net,Female,45.68.11.41
932,Manfred,Fiddeman,mfiddemanpv@behance.net,Male,227.2.196.112
933,Jamey,Isaksen,jisaksenpw@va.gov,Male,5.212.108.233
934,Arlene,Deniseau,adeniseaupx@hao123.com,Female,177.129.58.63
935,Vincenz,Newns,vnewnspy@illinois.edu,Male,39.42.216.6
936,Daffi,Pfeuffer,dpfeufferpz@behance.net,Female,58.225.202.136
937,Borg,Kapelhof,bkapelhofq0@symantec.com,Male,86.124.129.170
938,Glen,Van Baaren,gvanbaarenq1@timesonline.co.uk,Male,115.150.140.0
939,Marci,Kenewell,mkenewellq2@instagram.com,Female,86.211.172.249
940,Corey,Deverille,cdeverilleq3@salon.com,Female,201.0.134.176
941,Rachel,Wheble,rwhebleq4@ted.com,Female,193.2.36.119
942,Aubrey,Spittle,aspittleq5@twitpic.com,Male,242.229.50.196
943,Haydon,Fleming,hflemingq6@yale.edu,Male,21.238.40.155
944,Pier,Ralfe,pralfeq7@cornell.edu,Female,21.31.200.9
945,Codi,De Bellis,cdebellisq8@admin.ch,Female,253.138.242.215
946,Mab,Kryszka,mkryszkaq9@squarespace.com,Female,236.130.49.47
947,Lyndy,Averill,laverillqa@google.com.br,Female,33.1.116.208
948,Beverley,Petel,bpetelqb@latimes.com,Female,53.157.38.69
949,Rona,Garrison,rgarrisonqc@vkontakte.ru,Female,184.187.117.18
950,Elisha,Bellwood,ebellwoodqd@adobe.com,Male,68.226.115.71
951,Christophe,Morey,cmoreyqe@goodreads.com,Male,242.235.191.74
952,Gayelord,Siveter,gsiveterqf@si.edu,Male,99.233.193.40
953,Nerta,Bury,nburyqg@myspace.com,Female,225.116.112.163
954,Stearn,Overall,soverallqh@facebook.com,Male,89.123.189.18
955,Torey,Allso,tallsoqi@narod.ru,Male,151.94.103.165
956,Gram,Ecclestone,gecclestoneqj@japanpost.jp,Male,8.96.124.11
957,Gay,Ottley,gottleyqk@linkedin.com,Male,202.154.101.51
958,Rodd,Francey,rfranceyql@nih.gov,Male,1.157.193.237
959,Charin,Lamperd,clamperdqm@behance.net,Female,6.45.128.75
960,Alan,Leeke,aleekeqn@tripadvisor.com,Male,166.194.205.232
961,Koressa,Alderwick,kalderwickqo@wikipedia.org,Female,28.81.25.28
962,Perkin,McKeachie,pmckeachieqp@github.io,Male,119.19.194.182
963,Rogerio,Philippet,rphilippetqq@cbc.ca,Male,130.0.92.171
964,Raff,Poulney,rpoulneyqr@netlog.com,Male,239.163.144.20
965,Haily,Agglione,hagglioneqs@sakura.ne.jp,Female,14.153.226.1
966,Waneta,Fice,wficeqt@elegantthemes.com,Female,183.179.46.141
967,Trstram,Blewitt,tblewittqu@uiuc.edu,Male,214.150.60.120
968,Vasili,Harcase,vharcaseqv@imgur.com,Male,69.169.8.52
969,Alard,Harral,aharralqw@istockphoto.com,Male,96.186.68.120
970,La verne,Fleeman,lfleemanqx@w3.org,Female,73.134.161.82
971,Lotty,Parrett,lparrettqy@list-manage.com,Female,60.52.194.31
972,Clarke,Helder,chelderqz@g.co,Male,211.86.119.219
973,Annadiana,Brotherhed,abrotherhedr0@instagram.com,Female,120.121.26.8
974,Giacobo,Sivell,gsivellr1@nbcnews.com,Male,169.78.193.58
975,Nikolaos,Tacey,ntaceyr2@a8.net,Male,107.75.204.90
976,Olag,Cole,ocoler3@nba.com,Male,166.183.208.132
977,Alla,Telford,atelfordr4@posterous.com,Female,165.58.36.196
978,Doug,Mitkcov,dmitkcovr5@posterous.com,Male,233.36.207.90
979,Margie,Gallally,mgallallyr6@nasa.gov,Female,114.79.184.2
980,Elihu,Perrone,eperroner7@biblegateway.com,Male,29.128.227.247
981,Alric,Dalrymple,adalrympler8@umn.edu,Male,228.99.246.157
982,Augy,Verbrugge,averbrugger9@exblog.jp,Male,194.3.151.243
983,Ricky,Leeburne,rleeburnera@unblog.fr,Female,57.31.136.43
984,Rob,Bonehill,rbonehillrb@slashdot.org,Male,229.127.160.228
985,Wandis,Klais,wklaisrc@gizmodo.com,Female,173.185.150.147
986,Orland,Marchiso,omarchisord@buzzfeed.com,Male,161.241.224.25
987,Melitta,Hearson,mhearsonre@about.com,Female,206.198.170.175
988,Kayne,Nickell,knickellrf@virginia.edu,Male,91.24.217.246
989,Wendi,Vasyukhin,wvasyukhinrg@bravesites.com,Female,242.54.220.170
990,Cortney,Hayton,chaytonrh@4shared.com,Female,160.28.186.88
991,Daniel,Thamelt,dthameltri@comsenz.com,Male,235.200.28.253
992,Pattin,Kerner,pkernerrj@cbsnews.com,Male,84.28.77.216
993,Candi,Hendrix,chendrixrk@sphinn.com,Female,95.213.191.8
994,Nikolaos,Craw,ncrawrl@delicious.com,Male,246.117.162.181
995,Rudolf,Horsefield,rhorsefieldrm@pagesperso-orange.fr,Male,79.233.185.220
996,Guillermo,Wintour,gwintourrn@plala.or.jp,Male,225.229.75.112
997,Timoteo,Whiffen,twhiffenro@ucoz.ru,Male,117.230.205.174
998,Eddy,Pallasch,epallaschrp@bravesites.com,Female,202.237.151.133
999,Joel,Langrish,jlangrishrq@skype.com,Male,200.116.166.220
1000,Olivia,Goligher,ogoligherrr@4shared.com,Female,177.145.116.140
